{
    "probes": [
        {
            "name": "inside",
            "probe_type": "irradiance",
            "transform": {
                "position": [
                    -1.297224760055542,
                    2.4945778846740723,
                    -0.3853052854537964
                ],
                "scale": [
                    14.254860877990723,
                    7.949130535125732,
                    14.254860877990723
                ],
                "rotation": [
                    0.0,
                    0.0,
                    0.0
                ]
            },
            "render": {
                "clip_start": 0.009999999776482582,
                "clip_end": 40.0,
                "map_size": 64,
                "cycle_samples_max": 32,
                "cycle_samples_min": 1,
                "cycle_time_limit": 0
            },
            "file": "inside_packed.exr",
            "data": {
                "resolution": [
                    3,
                    2,
                    3
                ],
                "intensity": 1.0,
                "influence_distance": 0.10000002384185791,
                "falloff": 1.0
            },
            "baking": {
                "cubemap_face_size": 128,
                "max_texture_size": 2048
            },
            "visibility": {
                "collection": "Static",
                "invert": false
            }
        },
        {
            "name": "out-east",
            "probe_type": "irradiance",
            "transform": {
                "position": [
                    18.358190536499023,
                    9.605724334716797,
                    -0.24855905771255493
                ],
                "scale": [
                    14.052096366882324,
                    15.898261070251465,
                    3.978289842605591
                ],
                "rotation": [
                    0.0,
                    -1.570796251296997,
                    0.0
                ]
            },
            "render": {
                "clip_start": 0.009999999776482582,
                "clip_end": 40.0,
                "map_size": 64,
                "cycle_samples_max": 32,
                "cycle_samples_min": 1,
                "cycle_time_limit": 0
            },
            "file": "out-east_packed.exr",
            "data": {
                "resolution": [
                    2,
                    2,
                    1
                ],
                "intensity": 1.0,
                "influence_distance": 0.20000000298023224,
                "falloff": 1.0
            },
            "baking": {
                "cubemap_face_size": 128,
                "max_texture_size": 2048
            },
            "visibility": {
                "collection": "Static",
                "invert": false
            }
        },
        {
            "name": "out-north",
            "probe_type": "irradiance",
            "transform": {
                "position": [
                    -1.5213289260864258,
                    9.605724334716797,
                    -19.332292556762695
                ],
                "scale": [
                    24.01204490661621,
                    15.898261070251465,
                    4.99765682220459
                ],
                "rotation": [
                    0.0,
                    0.0,
                    0.0
                ]
            },
            "render": {
                "clip_start": 0.009999999776482582,
                "clip_end": 40.0,
                "map_size": 64,
                "cycle_samples_max": 32,
                "cycle_samples_min": 1,
                "cycle_time_limit": 0
            },
            "file": "out-north_packed.exr",
            "data": {
                "resolution": [
                    4,
                    2,
                    1
                ],
                "intensity": 1.0,
                "influence_distance": 0.20000000298023224,
                "falloff": 1.0
            },
            "baking": {
                "cubemap_face_size": 128,
                "max_texture_size": 2048
            },
            "visibility": {
                "collection": "Static",
                "invert": false
            }
        },
        {
            "name": "out-south",
            "probe_type": "irradiance",
            "transform": {
                "position": [
                    -1.5213289260864258,
                    9.605724334716797,
                    18.87885284423828
                ],
                "scale": [
                    24.01204490661621,
                    15.898261070251465,
                    4.99765682220459
                ],
                "rotation": [
                    0.0,
                    0.0,
                    0.0
                ]
            },
            "render": {
                "clip_start": 0.009999999776482582,
                "clip_end": 40.0,
                "map_size": 64,
                "cycle_samples_max": 32,
                "cycle_samples_min": 1,
                "cycle_time_limit": 0
            },
            "file": "out-south_packed.exr",
            "data": {
                "resolution": [
                    4,
                    2,
                    1
                ],
                "intensity": 1.0,
                "influence_distance": 0.20000000298023224,
                "falloff": 1.0
            },
            "baking": {
                "cubemap_face_size": 128,
                "max_texture_size": 2048
            },
            "visibility": {
                "collection": "Static",
                "invert": false
            }
        },
        {
            "name": "out-top",
            "probe_type": "irradiance",
            "transform": {
                "position": [
                    -1.297224760055542,
                    17.912519454956055,
                    -0.3853052854537964
                ],
                "scale": [
                    14.254860877990723,
                    7.619950294494629,
                    14.254860877990723
                ],
                "rotation": [
                    0.0,
                    0.0,
                    0.0
                ]
            },
            "render": {
                "clip_start": 0.009999999776482582,
                "clip_end": 40.0,
                "map_size": 64,
                "cycle_samples_max": 32,
                "cycle_samples_min": 1,
                "cycle_time_limit": 0
            },
            "file": "out-top_packed.exr",
            "data": {
                "resolution": [
                    2,
                    1,
                    2
                ],
                "intensity": 1.0,
                "influence_distance": 0.10000002384185791,
                "falloff": 1.0
            },
            "baking": {
                "cubemap_face_size": 128,
                "max_texture_size": 2048
            },
            "visibility": {
                "collection": "Static",
                "invert": false
            }
        },
        {
            "name": "out-west",
            "probe_type": "irradiance",
            "transform": {
                "position": [
                    -20.819751739501953,
                    9.605724334716797,
                    -0.24855905771255493
                ],
                "scale": [
                    14.052096366882324,
                    15.898261070251465,
                    3.978289842605591
                ],
                "rotation": [
                    0.0,
                    -1.570796251296997,
                    0.0
                ]
            },
            "render": {
                "clip_start": 0.009999999776482582,
                "clip_end": 40.0,
                "map_size": 64,
                "cycle_samples_max": 32,
                "cycle_samples_min": 1,