{
    "probes": [
        {
            "name": "env",
            "probe_type": "global",
            "transform": {
                "position": [
                    1.370906801412275e-07,
                    0.5399999022483826,
                    1.4375
                ],
                "scale": [
                    5.599999904632568,
                    11.199999809265137,
                    2.799999952316284
                ],
                "rotation": [
                    0,
                    0,
                    0
                ]
            },
            "render": {
                "clip_start": 0.800000011920929,
                "clip_end": 40.0,
                "map_size": 256,
                "cycle_samples_max": 32,
                "cycle_samples_min": 1,
                "cycle_time_limit": 0,
                "cycle_use_denoising": true
            },
            "irradiance_file": "env_irradiance_packed.png",
            "reflection_file": "env_radiance_packed.png",
            "data": {},
            "baking": {
                "irradiance": {
                    "cubemap_face_size": 32,
                    "max_texture_size": 3072
                },
                "reflection": {
                    "cubemap_face_size": 128,
                    "start_roughness": 0.10000000149011612,
                    "end_roughness": 0.8999999761581421,
                    "nb_levels": 4
                }
            },
            "visibility": {
                "collection": "env",
                "invert": false
            }
        },
        {
            "name": "ground_irradiance",
            "probe_type": "irradiance",
            "transform": {
                "position": [
                    1.370906801412275e-07,
                    0.5399999022483826,
                    1.4375
                ],
                "scale": [
                    11.199999809265137,
                    5.599999904632568,
                    22.399999618530273
                ],
                "rotation": [
                    0.0,
                    0.0,
                    0.0
                ]
            },
            "render": {
                "clip_start": 0.009999999776482582,
                "clip_end": 1000.0,
                "map_size": 64,
                "cycle_samples_max": 32,
                "cycle_samples_min": 1,
                "cycle_time_limit": 0,
                "cycle_use_denoising": true
            },
            "file": "ground_irradiance_packed.png",
            "data": {
                "resolution": [
                    6,
                    2,
                    4
                ],
                "intensity": 1.0,
                "influence_distance": 0.30000001192092896,
                "falloff": 1.0
            },
            "baking": {
                "cubemap_face_size": 32,
                "max_texture_size": 1024
            },
            "visibility": {
                "collection": "static",
                "invert": false
            }
        },
        {
            "name": "ground_reflection",
            "probe_type": "reflection",
            "transform": {
                "position": [
                    1.370906801412275e-07,
                    0.5399999022483826,
                    1.4375
                ],
                "scale": [
                    5.599999904632568,
                    2.799999952316284,
                    11.199999809265137
                ],
                "rotation": [
                    0,
                    0,
                    0
                ]
            },
            "render": {
                "clip_start": 0.800000011920929,
                "clip_end": 1000.0,
                "map_size": 512,
                "cycle_samples_max": 32,
                "cycle_samples_min": 1,
                "cycle_time_limit": 0,
                "cycle_use_denoising": true
            },
            "data": {
                "falloff": 0.20000000298023224,
                "intensity": 1.0,
                "influence_type": "BOX",
                "influence_distance": 2.4000000953674316
            },
            "file": "ground_reflection_packed.png",
            "baking": {
                "cubemap_face_size": 128,
                "start_roughness": 0.10000000149011612,
                "end_roughness": 0.8999999761581421,
                "nb_levels": 4
            },
            "visibility": {
                "collection": "static",
                "invert": false
            }
        },
        {
            "name": "top_irradiance",
            "probe_type": "irradiance",
            "transform": {
                "position": [
                    1.370906801412275e-07,
                    9.5,
                    1.4375
                ],
                "scale": [
                    5.039999961853027,
                    3.3600001335144043,
                    16.282176971435547
                ],
                "rotation": [
                    0.0,
                    0.0,
                    0.0
                ]
            },
            "render": {
                "clip_start": 0.009999999776482582,
                "clip_end": 1000.0,
                "map_size": 64,
                "cycle_samples_max": 32,
                "cycle_samples_min": 1,
                "cycle_time_limit": 0,
                "cycle_use_denoising": true
            },
            "file": "top_irradiance_packed.png",
            "data": {
                "resolution": [
                    2,
                    1,
                    4
                ],
                "intensity": 1.0,
                "influence_distance": 0.30000001192092896,
                "falloff": 1.0
            },
            "baking": {
                "cubemap_face_size": 32,
                "max_texture_size": 1024
            },
            "visibility": {
                "collection": "static",
                "invert": false
            }
        }
    ],
    "baked_maps": [
        {
            "map_size": 1024,
            "type": "DIFFUSE",
            "name": "floor_ceiling_DIFFUSE",
            "filename": "floor_ceiling_DIFFUSE.png",
            "grouped_bake": true,
            "object_name": "ceiling",
            "passes": {
                "use_pass_direct": false,
                "use_pass_indirect": true,
                "use_pass_diffuse": true,
                "use_pass_glossy": false,
                "use_pass_emit": false,
                "use_pass_color": false,
                "use_pass_transmission": false
            },
            "format": "SDR",
            "uv_index": 1,
            "visibility": {
                "collection": "static",
                "invert": false
            }
        },
        {
            "map_size": 1024,
            "type": "DIFFUSE",
            "name": "columns_DIFFUSE",
            "filename": "columns_DIFFUSE.png",
            "grouped_bake": true,
            "object_name": "Cube",
            "passes": {
                "use_pass_direct": false,
                "use_pass_indirect": true,
                "use_pass_diffuse": true,
                "use_pass_glossy": false,
                "use_pass_emit": false,
                "use_pass_color": false,
                "use_pass_transmission": false
            },
            "format": "SDR",
            "uv_index": 1,
            "visibility": {
                "collection": "static",
                "invert": false
            }
        },
        {
            "map_size": 1024,
            "type": "DIFFUSE",
            "name": "columns_DIFFUSE",
            "filename": "columns_DIFFUSE.png",
            "grouped_bake": true,
            "object_name": "Cube.001",
            "passes": {
                "use_pass_direct": false,
                "use_pass_indirect": true,
                "use_pass_diffuse": true,
                "use_pass_glossy": false,