{
    "type": "pano",
    "probe_type": "irradiance",
    "name": "irradiance-bis",
    "width": 256,
    "height": 128,
    "position": [
        0.0,
        0.0,
        3.0
    ],
    "scale": [
        4.927107810974121,
        4.927107810974121,
        4.927107810974121
    ],
    "falloff": 1.0,
    "resolution": [
        2,
        2,
        2
    ],
    "clip_start": 0.009999999776482582,
    "clip_end": 40.0,
    "influence_distance": 0.30000001192092896,
    "files": [
        "0_0_0.png",
        "0_0_1.png",
        "0_1_0.png",
        "0_1_1.png",
        "1_0_0.png",
        "1_0_1.png",
        "1_1_0.png",
        "1_1_1.png"
    ]
}