{
    "type": "pano",
    "probe_type": "irradiance",
    "name": "irradiance-bis",
    "width": 256,
    "height": 128,
    "position": [
        0.0,
        3.0,
        -0.0
    ],
    "scale": [
        4.927107810974121,
        4.927107810974121,
        4.927107810974121
    ],
    "falloff": 1.0,
    "resolution": [
        1,
        1,
        1
    ],
    "clip_start": 0.009999999776482582,
    "clip_end": 40.0,
    "influence_distance": 0.30000001192092896,
    "files": [
        "0_0_0.png"
    ]
}